{
    "R_0": [
        0,
        0,
        1.5707963267948966
    ],
    "R_1": [
        12,
        0,
        3.141592653589793
    ],
    "R_2": [
        4,
        0,
        3.141592653589793
    ]
}