{
    "R_0": [
        4,
        20,
        1.5707963267948966
    ],
    "R_1": [
        8,
        0,
        1.5707963267948966
    ],
    "R_2": [
        4,
        8,
        3.141592653589793
    ],
    "R_3": [
        4,
        0,
        1.5707963267948966
    ]
}